headline,source,date,url,sentiment,sentiment_score
'Etched in history': PM Shehbaz says Pakistan cannot be 'intimidated or subdued' as nation marks Marka-i-Haq anniversary,Dawn,"Sat, 09 May 2026 22:07:11 +0500",https://www.dawn.com/news/1998951/etched-in-history-pm-shehbaz-says-pakistan-cannot-be-intimidated-or-subdued-as-nation-marks-marka-i-haq-anniversary,neutral,0.872
Marka-i-Haq a 'defining landmark in the nation’s journey': ISPR,Dawn,"Sat, 09 May 2026 22:23:50 +0500",https://www.dawn.com/news/1998954/marka-i-haq-a-defining-landmark-in-the-nations-journey-ispr,positive,0.674
Police foil suicide attack on Bannu post; at least 2 personnel martyred,Dawn,"Sun, 10 May 2026 00:25:15 +0500",https://www.dawn.com/news/1998957/police-foil-suicide-attack-on-bannu-post-at-least-2-personnel-martyred,negative,0.741
"Finmin says economic recovery remains intact amid regional conflict, assures uninterrupted fuel supply",Dawn,"Sun, 10 May 2026 00:13:26 +0500",https://www.dawn.com/news/1998966/finmin-says-economic-recovery-remains-intact-amid-regional-conflict-assures-uninterrupted-fuel-supply,neutral,0.512
"Pakistan expands US lobbying push with focus on defence, critical minerals and policy influence",Dawn,"Sat, 09 May 2026 23:46:22 +0500",https://www.dawn.com/news/1998958/pakistan-expands-us-lobbying-push-with-focus-on-defence-critical-minerals-and-policy-influence,neutral,0.698
GHQ to host ceremony marking one year since Marka-i-Haq victory on Sunday,Dawn,"Sat, 09 May 2026 19:06:48 +0500",https://www.dawn.com/news/1998901/ghq-to-host-ceremony-marking-one-year-since-marka-i-haq-victory-on-sunday,neutral,0.824
"Sindh govt issues Aurat March NOC with conditions for participants' clothing, slogans",Dawn,"Sat, 09 May 2026 18:18:00 +0500",https://www.dawn.com/news/1998890/sindh-govt-issues-aurat-march-noc-with-conditions-for-participants-clothing-slogans,neutral,0.907
"PTI demands judicial commission to identify, punish culprits behind May 9 riots",Dawn,"Sat, 09 May 2026 22:05:56 +0500",https://www.dawn.com/news/1998950/pti-demands-judicial-commission-to-identify-punish-culprits-behind-may-9-riots,neutral,0.503
Abbas takes five wickets to put Pakistan ahead in Bangladesh Test,Dawn,"Sat, 09 May 2026 19:22:50 +0500",https://www.dawn.com/news/1998944/abbas-takes-five-wickets-to-put-pakistan-ahead-in-bangladesh-test,neutral,0.803
European states to send planes to evacuate citizens from hantavirus-hit cruise ship,Dawn,"Sat, 09 May 2026 17:57:52 +0500",https://www.dawn.com/news/1998907/european-states-to-send-planes-to-evacuate-citizens-from-hantavirus-hit-cruise-ship,neutral,0.798
Israel to release Gaza flotilla activists today ahead of deportation: rights group,Dawn,"Sat, 09 May 2026 17:33:15 +0500",https://www.dawn.com/news/1998934/israel-to-release-gaza-flotilla-activists-today-ahead-of-deportation-rights-group,neutral,0.881
Putin says Russian army fighting 'aggressive' Nato-backed force in Victory Parade address,Dawn,"Sat, 09 May 2026 14:39:03 +0500",https://www.dawn.com/news/1998897/putin-says-russian-army-fighting-aggressive-nato-backed-force-in-victory-parade-address,neutral,0.861
"Pakistan, Bangladesh sign agreement to combat drug trafficking",Dawn,"Sat, 09 May 2026 11:49:39 +0500",https://www.dawn.com/news/1998888/pakistan-bangladesh-sign-agreement-to-combat-drug-trafficking,neutral,0.829
"Drug supplier, extortionist arrested in separate police operations in Karachi",Dawn,"Sat, 09 May 2026 17:00:57 +0500",https://www.dawn.com/news/1998927/drug-supplier-extortionist-arrested-in-separate-police-operations-in-karachi,negative,0.65
"At UN, Pakistan raises alarm at Israel's systematic annexation of occupied West Bank",Dawn,"Sat, 09 May 2026 13:03:05 +0500",https://www.dawn.com/news/1998904/at-un-pakistan-raises-alarm-at-israels-systematic-annexation-of-occupied-west-bank,neutral,0.608
Mideast war taking a toll on Pakistan’s ‘wedding economy’,Dawn,"Sat, 09 May 2026 07:17:46 +0500",https://www.dawn.com/news/1998854/mideast-war-taking-a-toll-on-pakistans-wedding-economy,negative,0.711
"Federal Constitutional Court staff pay, perks surpass Supreme Court's amid supremacy row",Dawn,"Sat, 09 May 2026 07:21:22 +0500",https://www.dawn.com/news/1998858/federal-constitutional-court-staff-pay-perks-surpass-supreme-courts-amid-supremacy-row,neutral,0.728
"Schools reach out to Canvas hackers as breach hits US classrooms, source says",Dawn,"Sat, 09 May 2026 13:07:27 +0500",https://www.dawn.com/news/1998909/schools-reach-out-to-canvas-hackers-as-breach-hits-us-classrooms-source-says,neutral,0.597
Region could witness new political alignment after US-Iran war: Moghadam,Dawn,"Sat, 09 May 2026 09:00:33 +0500",https://www.dawn.com/news/1998778/region-could-witness-new-political-alignment-after-us-iran-war-moghadam,neutral,0.913
A look at the new capabilities Pakistan employed against India during Marka-i-Haq,Dawn,"Sat, 09 May 2026 20:10:14 +0500",https://www.dawn.com/news/1997496/a-look-at-the-new-capabilities-pakistan-employed-against-india-during-marka-i-haq,neutral,0.84
"Afghan Taliban leaders reach out to Fazl, express condolences over cleric’s killing in Charsadda",Dawn,"Sat, 09 May 2026 07:44:52 +0500",https://www.dawn.com/news/1998856/afghan-taliban-leaders-reach-out-to-fazl-express-condolences-over-clerics-killing-in-charsadda,neutral,0.75
Capital Development Authority launches inquiry into ‘illegal sale’ of amenity spaces in Al-Mustafa Tower,Dawn,"Sat, 09 May 2026 08:56:25 +0500",https://www.dawn.com/news/1998781/capital-development-authority-launches-inquiry-into-illegal-sale-of-amenity-spaces-in-al-mustafa-tower,neutral,0.712
"Govt hikes petrol by Rs14.92 per litre, high-speed diesel by Rs15",Dawn,"Sat, 09 May 2026 07:35:43 +0500",https://www.dawn.com/news/1998722/govt-hikes-petrol-by-rs1492-per-litre-high-speed-diesel-by-rs15,neutral,0.79
'No home left' for Gazans stranded in West Bank,Dawn,"Sat, 09 May 2026 15:05:01 +0500",https://www.dawn.com/news/1998920/no-home-left-for-gazans-stranded-in-west-bank,negative,0.639
"Punjab by-polls: Notices served on minister, SAPM for 'violating' election code of conduct",The News,"Fri, 21 Nov 2025 06:33:00 +0500",https://www.thenews.com.pk/latest/1381918-notices-served-on-minister-sapm-for-violating-election-code-of-conduct,negative,0.511
27th Amendment empowers FCC to hear all constitutional cases: minister,The News,"Fri, 21 Nov 2025 00:59:00 +0500",https://www.thenews.com.pk/latest/1381786-27th-amendment-empowers-fcc-to-hear-all-constitutional-cases-minister,neutral,0.851
JF-17 attracts strong attention at Dubai Airshow as friendly country inks procurement MoU,The News,"Thu, 20 Nov 2025 22:25:16 +0500",https://www.thenews.com.pk/latest/1381731-jf-17-attracts-strong-attention-at-dubai-airshow-as-friendly-country-inks-procurement-mou,positive,0.852
US lawmakers laud Punjab govt's initiative to modernise brick-kiln,The News,"Thu, 20 Nov 2025 21:39:48 +0500",https://www.thenews.com.pk/latest/1381705-us-lawmakers-laud-punjab-govts-initiative-to-modernise-brick-kiln,positive,0.566
Security forces gun down 30 terrorists in multiple IBOs in KP: ISPR,The News,"Thu, 20 Nov 2025 21:38:00 +0500",https://www.thenews.com.pk/latest/1381698-security-forces-gun-down-30-terrorists-in-multiple-ibos-in-kp-ispr,neutral,0.556
MQM-P calls for new province in Sindh,The News,"Thu, 20 Nov 2025 20:56:00 +0500",https://www.thenews.com.pk/latest/1381701-mqm-p-calls-for-new-province-in-sindh,neutral,0.91
US report validates Pakistan military edge over India: PM,The News,"Thu, 20 Nov 2025 20:55:00 +0500",https://www.thenews.com.pk/latest/1381699-us-report-validates-pakistan-military-edge-over-india-pm,neutral,0.846
Banned TTP poses serious threat to Pakistan security: UNSC panel,The News,"Thu, 20 Nov 2025 15:24:00 +0500",https://www.thenews.com.pk/latest/1359210-banned-ttp-poses-serious-threat-to-pakistan-security-unsc-panel,negative,0.74
CM Afridi clarifies remarks on by-poll after ECP requests army deployment,The News,"Thu, 20 Nov 2025 15:01:00 +0500",https://www.thenews.com.pk/latest/1359222-ecp-seeks-troops-deployment-in-haripur-by-polls-takes-notices-of-cm-afridis-threats,neutral,0.944
Dubai sees 3.2m Pakistani passengers in 2025 as airport sets new milestone,The News,"Thu, 20 Nov 2025 11:16:00 +0500",https://www.thenews.com.pk/latest/1359184-dubai-sees-32m-pakistani-passengers-in-2025-as-airport-sets-new-milestone,positive,0.749
Security forces kill 23 Indian proxy terrorists in KP's Kurram,The News,"Thu, 20 Nov 2025 10:08:00 +0500",https://www.thenews.com.pk/latest/1359185-security-forces-kill-23-indian-proxy-terrorists-in-kps-kurram,negative,0.806
Pakistan to construct island to boost oil exploration: report,The News,"Wed, 19 Nov 2025 23:26:12 +0500",https://www.thenews.com.pk/latest/1359101-pakistan-to-construct-island-to-boost-oil-exploration-report,neutral,0.816
"Russia ready to mediate Pakistan's issues with India, Afghanistan: envoy",The News,"Wed, 19 Nov 2025 23:14:28 +0500",https://www.thenews.com.pk/latest/1359098-russia-ready-to-mediate-pakistans-issues-with-india-afghanistan-envoy,neutral,0.905
Security forces neutralise four terrorists in KP IBOs,The News,"Wed, 19 Nov 2025 22:12:00 +0500",https://www.thenews.com.pk/latest/1359092-security-forces-neutralise-four-terrorists-in-kp-ibos,neutral,0.838
Reclassification of 41 candidates on reserved seats goes beyond SC mandate: Justice Mandokhail,The News,"Wed, 19 Nov 2025 21:38:12 +0500",https://www.thenews.com.pk/latest/1359090-reclassification-of-41-candidates-on-reserved-seats-goes-beyond-sc-mandate-justice-mandokhail,neutral,0.794
Pakistan Navy confiscates drugs worth $130m in Arabian Sea,The News,"Wed, 19 Nov 2025 18:51:56 +0500",https://www.thenews.com.pk/latest/1359051-pakistan-navy-confiscates-methamphetamine-worth-130m-in-arabian-sea,neutral,0.543
"In meeting with EU Council president, Dar discuss economic ties, GSP+",The News,"Wed, 19 Nov 2025 17:55:25 +0500",https://www.thenews.com.pk/latest/1359033-dar-lands-in-brussels-to-lead-pakistan-eu-strategic-dialogue,neutral,0.884
Pakistan achieved 'military success over India' in May war: US report,The News,"Wed, 19 Nov 2025 17:12:00 +0500",https://www.thenews.com.pk/latest/1359013-pakistan-achieved-military-success-over-india-in-may-war-us-report,neutral,0.607
PM Shehbaz approves five-year plan for flood preparedness,The News,"Wed, 19 Nov 2025 16:27:23 +0500",https://www.thenews.com.pk/latest/1359012-pm-shehbaz-approves-five-year-plan-for-flood-preparedness,neutral,0.727
JITs to probe cases against TLP in Punjab,The News,"Wed, 19 Nov 2025 15:44:00 +0500",https://www.thenews.com.pk/latest/1358987-jits-to-probe-cases-against-tlp-in-punjab,neutral,0.697
"DPM Dar pushes connectivity, financial tools at SCO summit",The News,"Wed, 19 Nov 2025 15:38:00 +0500",https://www.thenews.com.pk/latest/1358973-dpm-dar-pushes-connectivity-financial-tools-at-sco-summit,neutral,0.613
Karachi hotel receives traffic fine for car stolen in 1997,The News,"Wed, 19 Nov 2025 10:13:00 +0500",https://www.thenews.com.pk/latest/1358923-karachi-hotel-receives-traffic-fine-for-car-stolen-in-1997,negative,0.634
"CTD, police kill two suspected militants in Sarai Naurang operation",The News,"Wed, 19 Nov 2025 07:47:13 +0500",https://www.thenews.com.pk/latest/1358918-ctd-police-kill-two-suspected-militants-in-sarai-naurang-operation,negative,0.794
Trump claims credit for averting Pak-India 'war that was almost ready to start again',The News,"Wed, 19 Nov 2025 05:13:20 +0500",https://www.thenews.com.pk/latest/1358877-ive-actually-stopped-eight-wars-reiterates-trump,neutral,0.741
Imran Khan's sisters released after brief detention in Rawalpindi,The News,"Wed, 19 Nov 2025 03:12:47 +0500",https://www.thenews.com.pk/latest/1358865-imran-khans-sisters-released-after-brief-detention-in-rawalpindi,neutral,0.888
Army eliminates 23 Indian-backed terrorists in KP IBOs,The News,"Tue, 18 Nov 2025 22:02:28 +0500",https://www.thenews.com.pk/latest/1358824-army-eliminates-23-indian-backed-terrorists-in-kp-ibos,neutral,0.548
Key constitutional bodies reconstituted under 27th Amendment,The News,"Tue, 18 Nov 2025 18:56:31 +0500",https://www.thenews.com.pk/latest/1358791-key-constitutional-bodies-reconstituted-under-27th-amendment,neutral,0.912
"At SCO moot, Pakistan calls for stronger economic integration",The News,"Tue, 18 Nov 2025 17:25:31 +0500",https://www.thenews.com.pk/latest/1358767-at-sco-meeting-pakistan-calls-for-stronger-economic-integration-broader-partnerships,neutral,0.592
Opposition alliance holds protest rally against 27th Constitutional Amendment,The News,"Tue, 18 Nov 2025 15:33:00 +0500",https://www.thenews.com.pk/latest/1358724-opposition-alliance-holds-protest-rally-against-27th-constitutional-amendment,negative,0.586
Body of 18-year-old bride found on rooftop in Karachi's DHA,The News,"Tue, 18 Nov 2025 14:30:00 +0500",https://www.thenews.com.pk/latest/1358706-body-of-18-year-old-bride-found-on-rooftop-in-karachis-dha,neutral,0.631
Raja Faisal Rathore sworn in as new AJK prime minister,The News,"Tue, 18 Nov 2025 13:11:00 +0500",https://www.thenews.com.pk/latest/1358671-raja-faisal-rathore-sworn-in-as-new-ajk-prime-minister,neutral,0.925
Security forces neutralise 15 Indian proxy terrorists in KP: ISPR,The News,"Tue, 18 Nov 2025 10:20:00 +0500",https://www.thenews.com.pk/latest/1358669-security-forces-neutralise-15-indian-proxy-terrorists-in-kp-ispr,neutral,0.855
ECP moves to prepare schedule for Islamabad local polls,The News,"Tue, 18 Nov 2025 01:06:16 +0500",https://www.thenews.com.pk/latest/1358588-ecp-moves-to-prepare-schedule-for-islamabad-local-polls,neutral,0.935
"28th Amendment on the cards, says Rana Sanaullah",The News,"Mon, 17 Nov 2025 23:06:00 +0500",https://www.thenews.com.pk/latest/1358570-28th-amendment-on-the-cards-says-rana-sanaullah,neutral,0.937
Railways' modernisation to play key role in boosting economy: PM,The News,"Mon, 17 Nov 2025 21:54:01 +0500",https://www.thenews.com.pk/latest/1358560-railways-modernisation-to-play-key-role-in-boosting-economy-pm,positive,0.685
Govt extends Hajj 2026 dues deadline by three days,The News,"Mon, 17 Nov 2025 20:08:00 +0500",https://www.thenews.com.pk/latest/1358540-govt-extends-hajj-2026-dues-deadline-by-three-days,neutral,0.874
Death toll climbs to 10 in Hyderabad firecracker factory blast,The News,"Mon, 17 Nov 2025 19:33:00 +0500",https://www.thenews.com.pk/latest/1358537-death-toll-climbs-to-10-in-hyderabad-firecracker-factory-blast,negative,0.78
"PPP's Palwasha Khan declares FIA, NCCIA 'corrupt'",The News,"Mon, 17 Nov 2025 19:08:00 +0500",https://www.thenews.com.pk/latest/1358535-ppps-palwasha-khan-declares-fia-nccia-corrupt,negative,0.609
By-polls announced for Senate seat left vacant after Irfan Siddiqui's death,The News,"Mon, 17 Nov 2025 18:36:00 +0500",https://www.thenews.com.pk/latest/1358514-by-polls-announced-for-senate-seat-left-vacant-after-irfan-siddiquis-death,neutral,0.823
Pakistan dismisses Khalilzad's claim about Daesh-K presence in Punjab,The News,"Mon, 17 Nov 2025 18:25:00 +0500",https://www.thenews.com.pk/latest/1358520-pakistan-dismisses-khalilzads-claim-about-daesh-k-presence-in-punjab,neutral,0.648
Tarar vows action over fake video targeting journalist Benazir Shah,The News,"Mon, 17 Nov 2025 16:12:00 +0500",https://www.thenews.com.pk/latest/1358473-tarar-vows-action-over-fake-video-targeting-journalist-benazir-shah,neutral,0.516
AJK Assembly removes PM Anwarul Haq as no-confidence motion passes,The News,"Mon, 17 Nov 2025 16:07:00 +0500",https://www.thenews.com.pk/latest/1358488-ajk-assembly-removes-pm-anwarul-haq-as-no-confidence-motion-passes,neutral,0.588
PTI's Gohar joins others in condemning harassment of journalist Shahzeb Khanzada,The News,"Mon, 17 Nov 2025 16:06:00 +0500",https://www.thenews.com.pk/latest/1358468-ptis-gohar-joins-others-in-condemning-harassment-of-journalist-shahzeb-khanzada,negative,0.523
DPM Dar reaches Moscow to participate in SCO summit,The News,"Mon, 17 Nov 2025 14:32:00 +0500",https://www.thenews.com.pk/latest/1358447-dpm-dar-to-attend-sco-summit-in-moscow-from-nov-17-18-fo,neutral,0.84
FCC begins hearing cases after two more judges sworn in,The News,"Mon, 17 Nov 2025 11:48:00 +0500",https://www.thenews.com.pk/latest/1358441-fcc-begins-hearing-cases-after-two-more-judges-sworn-in,neutral,0.935
"Pakistan seeks to boost military collaboration with Jordan, says COAS Munir",The News,"Sun, 16 Nov 2025 21:48:00 +0500",https://www.thenews.com.pk/latest/1358319-pakistan-seeks-to-boost-military-collaboration-with-jordan-says-coas-munir,neutral,0.836
Parliament holds exclusive right to amend Constitution: minister,The News,"Sun, 16 Nov 2025 19:06:07 +0500",https://www.thenews.com.pk/latest/1358303-parliament-holds-exclusive-right-to-amend-constitution-minister,neutral,0.928
President honours Jordan's king with Nishan-e-Pakistan for global peace efforts,The News,"Sun, 16 Nov 2025 17:46:50 +0500",https://www.thenews.com.pk/latest/1358281-president-zardari-honours-jordans-king-with-nishan-e-pakistan-for-global-peace-efforts,neutral,0.507
Karachi braces for water shortfall after Dhabeji power breakdown,The News,"Sun, 16 Nov 2025 17:07:05 +0500",https://www.thenews.com.pk/latest/1358266-karachi-braces-for-water-shortfall-after-dhabeji-power-breakdown,neutral,0.627
Field Marshal Munir warns of Pakistan's 'firm response' to any aggression,The News,"Sun, 16 Nov 2025 16:42:42 +0500",https://www.thenews.com.pk/latest/1358265-coas-munir-warns-of-pakistans-firm-response-to-any-aggression,neutral,0.883
"Anger, confusion as Louisiana Republicans move to erase majority-Black US House district",ARY News,2026-05-10T02:00:53+05:00,https://arynews.tv/tate-powerful-testimony-on-racial-injustice,negative,0.758
Tina Fey surprises Maya Rudolph backstage at Broadway show,ARY News,2026-05-10T01:29:07+05:00,https://arynews.tv/tina-fey-surprises-maya-rudolph-backstage-at-broadway-show,neutral,0.518
"iPhone 18 Pro Max Expected Price, Upgrades Revealed in New Leaks",ARY News,2026-05-10T01:00:43+05:00,https://arynews.tv/iphone-18-pro-max-expected-price-upgrades-revealed-in-new-leaks,neutral,0.672
"Tara Sutaria, Veer Pahariya spark fresh split buzz",ARY News,2026-05-10T00:49:52+05:00,https://arynews.tv/tara-sutaria-veer-pahariya-spark-fresh-split-buzz,neutral,0.771
Putin says he thinks the Ukraine conflict is coming to an end,ARY News,2026-05-10T00:31:16+05:00,https://arynews.tv/putin-says-he-thinks-the-ukraine-conflict-is-coming-to-an-end,neutral,0.757
UK nationals on hantavirus-hit cruise ship to isolate in hospital on return,ARY News,2026-05-10T00:25:59+05:00,https://arynews.tv/hantavirus-impact-on-uk-passengers-and-crew,negative,0.669
PLL Invites International Bids for Two May LNG Spot Cargoes,ARY News,2026-05-10T00:22:16+05:00,https://arynews.tv/pll-invites-international-bids-for-two-may-lng-spot-cargoes,neutral,0.924
Fact Check: Hantavirus infection is not a confirmed side effect of Pfizer’s COVID-19 vaccine,ARY News,2026-05-09T23:59:53+05:00,https://arynews.tv/fact-check-hantavirus-infection-is-not-a-confirmed-side-effect-of-pfizers-covid-19-vaccine,neutral,0.748
Khloe Kardashian gets honest about comparisons with sisters,ARY News,2026-05-09T23:49:54+05:00,https://arynews.tv/khloe-kardashian-gets-honest-about-comparisons-with-sisters,neutral,0.826
Petrol price hike challenged in court,ARY News,2026-05-09T23:43:49+05:00,https://arynews.tv/petrol-price-hike-challenged-in-court,negative,0.565
Prisoner Involved in High-Profile Murder Case Goes Missing from Malir Jail,ARY News,2026-05-09T23:31:35+05:00,https://arynews.tv/murder-convict-polka-escapes-from-malir-jail-after-prison-ceremony,negative,0.585
Factory Worker Crushed to Death by Water Tanker in Karachi’s SITE Area,ARY News,2026-05-09T23:02:21+05:00,https://arynews.tv/factory-worker-crushed-to-death-by-water-tanker-in-karachis-site-area,negative,0.786
Daylight Heist: Animal Traders Looted of Rs 4.5m on Karachi’s Malir Bridge,ARY News,2026-05-09T22:44:43+05:00,https://arynews.tv/daylight-heist-animal-traders-looted-of-rs-4-5m-on-karachis-malir-bridge,negative,0.618
Govt removes burden from parents on commencement of new academic year,ARY News,2026-05-09T22:00:38+05:00,https://arynews.tv/govt-removes-burden-from-parents-on-commencement-of-new-academic-year,neutral,0.804
UK deploys warship to Middle East with eye on potential Hormuz mission,ARY News,2026-05-09T21:41:47+05:00,https://arynews.tv/uk-deploys-warship-to-middle-east-with-eye-on-potential-hormuz-mission,neutral,0.836
Chelsea end six-game losing run with 1-1 draw at Liverpool,ARY News,2026-05-09T21:33:17+05:00,https://arynews.tv/chelsea-end-six-game-losing-run-with-1-1-draw-at-liverpool,neutral,0.84
Arne Slot explains Ngumoha substitution after furious fan reaction,ARY News,2026-05-09T21:24:41+05:00,https://arynews.tv/arne-slot-explains-ngumoha-substitution-after-furious-fan-reaction,neutral,0.814
Ducati’s Marc Marquez to miss French and Catalan GPs due to foot fracture,ARY News,2026-05-09T21:16:08+05:00,https://arynews.tv/ducatis-marc-marquez-to-miss-french-and-catalan-gps-due-to-foot-fracture,neutral,0.768
How to get ID card without birth certificate,ARY News,2026-05-09T21:07:04+05:00,https://arynews.tv/how-to-get-id-without-birth-certificate,neutral,0.848
Uncovering the Shocking True Story Behind Netflix’s Legends,ARY News,2026-05-09T20:57:48+05:00,https://arynews.tv/uncovering-the-shocking-true-story-behind-netflixs-legends,neutral,0.696
Jon B shares never-before-heard story about Michael Jackson,ARY News,2026-05-09T20:39:24+05:00,https://arynews.tv/jon-b-shares-never-before-heard-story-about-michael-jackson,neutral,0.891
Boeing probing worker death as union calls for accountability,ARY News,2026-05-09T20:34:39+05:00,https://arynews.tv/boeing-probing-worker-death-as-union-calls-for-accountability,neutral,0.552
Did Simpsons predict Hantavirus on a ship? Fact-Check,ARY News,2026-05-09T20:32:59+05:00,https://arynews.tv/hantavirus-misinformation-separating-fact-from-fiction,neutral,0.584
Police arrest eight as two killed over Rs1300,ARY News,2026-05-09T20:25:28+05:00,https://arynews.tv/police-arrest-eight-as-two-killed-over-rs1300,negative,0.716
Sanjana Sanghi eager to begin OTT series journey,ARY News,2026-05-09T20:06:16+05:00,https://arynews.tv/sanjana-sanghi-eager-to-begin-ott-series-journey,positive,0.776
Tom Hiddleston Forced to Drop Out of Celebrity Traitors Season 2 at Last Minute,ARY News,2026-05-09T19:51:21+05:00,https://arynews.tv/tom-hiddleston-forced-to-drop-out-of-celebrity-traitors-season-2-at-last-minute,neutral,0.594
Good news for employees before Eid al-Adha,ARY News,2026-05-09T19:46:41+05:00,https://arynews.tv/good-news-for-employees-before-eid-al-adha,positive,0.958
"Kuwaiti Dinar to Pakistani Rupee Rate Today – May 09, 2026",ARY News,2026-05-09T19:42:54+05:00,https://arynews.tv/kuwaiti-dinar-to-pakistani-rupee-rate-today-may-09-2026,neutral,0.956
A divided kingdom: pro-independence parties surge across Britain,ARY News,2026-05-09T19:40:10+05:00,https://arynews.tv/elections-and-their-impact-on-the-uk-union,neutral,0.606
Taylor Swift and Travis Kelce Spark Wedding Fever with Romantic London Date Night,ARY News,2026-05-09T19:38:30+05:00,https://arynews.tv/taylor-swift-and-travis-kelce-spark-wedding-fever-with-romantic-london-date-night,neutral,0.756
Erin Murphy Reveals the Shocking Truth Behind Bewitched’s Abrupt Ending,ARY News,2026-05-09T19:25:31+05:00,https://arynews.tv/erin-murphy-reveals-the-shocking-truth-behind-bewitcheds-abrupt-ending,negative,0.695
"Foundayo: Obesity pill tops 7,000 prescriptions in fourth week",ARY News,2026-05-09T19:25:25+05:00,https://arynews.tv/foundayo-obesity-pill-tops-7000-prescriptions-in-fourth-week,neutral,0.812
Pakistan reviews export promotion schemes for budget 2026-27,ARY News,2026-05-09T19:11:52+05:00,https://arynews.tv/pakistan-reviews-export-promotion-schemes-for-budget-2026-27,neutral,0.889
"Omani Riyal to Pakistani Rupee Rate Today – May 09, 2026",ARY News,2026-05-09T19:09:12+05:00,https://arynews.tv/omani-riyal-to-pakistani-rupee-rate-today-may-09-2026,neutral,0.946
Blake Lively seeks nearly $300M in lawsuit damages,ARY News,2026-05-09T19:02:23+05:00,https://arynews.tv/blake-lively-seeks-nearly-300m-in-lawsuit-damages,neutral,0.724
Magyar sworn in as Hungary’s prime minister,ARY News,2026-05-09T18:58:46+05:00,https://arynews.tv/magyar-sworn-in-as-hungarys-prime-minister,neutral,0.91
Citadel Season 2: A Thrill Ride Returns with Madden and Priyanka Chopra,ARY News,2026-05-09T18:52:44+05:00,https://arynews.tv/citadel-season-2-a-thrill-ride-returns-with-madden-and-priyanka-chopra,neutral,0.536
"Bahraini Dinar to Pakistani Rupee Rate Today – May 9, 2026",ARY News,2026-05-09T18:46:34+05:00,https://arynews.tv/bahraini-dinar-to-pakistani-rupee-rate-today-may-9-2026,neutral,0.952
India new labour code on wages- May 2026 update,ARY News,2026-05-09T18:46:01+05:00,https://arynews.tv/india-new-labour-code-on-wages-may-2026-update,neutral,0.931
Dianna Russini’s Husband Kevin Goldschmidt to Release New Evidence Amid Scandal with Mike Vrabel,ARY News,2026-05-09T18:40:58+05:00,https://arynews.tv/dianna-russinis-husband-kevin-goldschmidt-to-release-new-evidence-amid-scandal-with-mike-vrabel,neutral,0.916
"US economy posts second straight month of strong job gains, but strains remain",ARY News,2026-05-09T18:25:01+05:00,https://arynews.tv/employment-statistics-show-labor-market-strength,positive,0.622
Debutant Awais puts Pakistan in command against Bangladesh,ARY News,2026-05-09T16:57:50+05:00,https://arynews.tv/debutant-awais-puts-pakistan-in-command-against-bangladesh,neutral,0.867
World powers no longer trust India: Rizwan Saeed Sheikh,ARY News,2026-05-09T16:51:15+05:00,https://arynews.tv/world-powers-no-longer-trust-india-rizwan-saeed-sheikh,negative,0.634
Rihanna debuts sweet new doodles tattoo designed by her children,ARY News,2026-05-09T16:45:08+05:00,https://arynews.tv/rihanna-debuts-sweet-new-doodles-tattoo-designed-by-her-children,neutral,0.507
Kuwait issues warning against fake trading platforms,ARY News,2026-05-09T16:44:43+05:00,https://arynews.tv/kuwait-issues-warning-against-fake-trading-platforms,neutral,0.495
Syria says arrested Assad-era general over chemical attack,ARY News,2026-05-09T16:35:04+05:00,https://arynews.tv/syria-says-arrested-assad-era-general-over-chemical-attack,negative,0.688
Public transport fares increased after petrol price hike,ARY News,2026-05-09T16:32:21+05:00,https://arynews.tv/public-transport-fares-increased-after-petrol-price-hike,neutral,0.732
England to host Pakistan for five-match Test series: report,ARY News,2026-05-09T16:29:48+05:00,https://arynews.tv/england-to-host-pakistan-for-five-match-test-series-report,neutral,0.93
PM Shehbaz Sharif to visit China from May 23,ARY News,2026-05-09T16:25:43+05:00,https://arynews.tv/pm-shehbaz-sharif-visit-china-may-23,neutral,0.92
Abbas’ five-for helps Pakistan bowl out Bangladesh,ARY News,2026-05-09T16:25:38+05:00,https://arynews.tv/abbas-five-for-helps-pakistan-bowl-out-bangladesh,neutral,0.757
Lens secure Champions League spot and send Nantes down,ARY News,2026-05-09T16:17:03+05:00,https://arynews.tv/lens-secure-champions-league-spot-and-send-nantes-down,neutral,0.77
"Silver Rate in Pakistan Today – May 09, 2026",ARY News,2026-05-09T16:07:49+05:00,https://arynews.tv/silver-rate-in-pakistan-today-may-09-2026,neutral,0.929
‘How will people survive?’ Saad Rafique slams petrol price hike,ARY News,2026-05-09T16:04:24+05:00,https://arynews.tv/how-will-people-survive-saad-rafique-slams-petrol-price-hike,negative,0.563
"Iranian Rial Rate Today in Pakistan – May 9, 2026",ARY News,2026-05-09T16:02:16+05:00,https://arynews.tv/iranian-rial-rate-today-in-pakistan-may-9-2026,neutral,0.949
Mexico to cut school year short ahead of World Cup,ARY News,2026-05-09T15:50:55+05:00,https://arynews.tv/mexico-to-cut-school-year-short-ahead-of-world-cup,neutral,0.74
Ailing Djokovic falls to early Italian Open exit ahead of Roland Garros,ARY News,2026-05-09T15:40:02+05:00,https://arynews.tv/ailing-djokovic-falls-to-early-italian-open-exit-ahead-of-roland-garros,neutral,0.872
"Pakistan, Bangladesh sign historic agreement against drug trafficking",ARY News,2026-05-09T15:35:35+05:00,https://arynews.tv/pakistan-bangladesh-agreement-against-drug-trafficking,neutral,0.723
Russia celebrates ’81st Victory Day’ as Putin praises troops in Ukraine,ARY News,2026-05-09T15:29:44+05:00,https://arynews.tv/russia-celebrates-81st-victory-day-as-putin-praises-troops-in-ukraine,positive,0.919
Tchouameni can play Clasico despite Valverde clash: Arbeloa,ARY News,2026-05-09T15:27:17+05:00,https://arynews.tv/tchouameni-can-play-clasico-despite-valverde-clash-arbeloa,neutral,0.901
"Iran says will play in World Cup, demands hosts accept conditions",ARY News,2026-05-09T15:20:38+05:00,https://arynews.tv/iran-says-will-play-in-world-cup-demands-hosts-accept-conditions,neutral,0.898
Bakhtawar Mazhar earns praise for bravely embracing bald look in Dr Bahu,ARY News,2026-05-09T15:16:18+05:00,https://arynews.tv/bakhtawar-mazhar-earns-praise-for-bravely-embracing-bald-look-in-dr-bahu,positive,0.571
Pakistan name T20I squad for Zimbabwe series,ARY News,2026-05-09T15:13:52+05:00,https://arynews.tv/pakistan-name-t20i-squad-for-zimbabwe-series,neutral,0.919
Putin says army fighting ‘aggressive’ NATO-backed force in Victory Parade address,ARY News,2026-05-09T15:07:39+05:00,https://arynews.tv/putins-army-fighting-aggressive-nato-backed-force-victory-parade-address,neutral,0.851
"Meta introduces facial analysis AI to estimate teen ages on Instagram, Facebook",ARY News,2026-05-09T14:44:19+05:00,https://arynews.tv/meta-introduces-facial-analysis-ai-to-estimate-teen-ages-on-instagram-facebook,neutral,0.923
FIFA World Cup 2026 opening ceremony: Nora Fatehi joins star-studded lineup,ARY News,2026-05-09T14:31:49+05:00,https://arynews.tv/fifa-world-cup-2026-opening-ceremony-nora-fatehi-joins-star-studded-lineup,neutral,0.6
Trisha Krishnan’s cryptic post sparks buzz ahead of Vijay’s CM oath,ARY News,2026-05-09T14:28:58+05:00,https://arynews.tv/trisha-krishnans-cryptic-post-sparks-buzz-ahead-of-vijays-cm-oath,neutral,0.927
Nawaz Sharif calls for public relief amid petrol price increase,ARY News,2026-05-09T14:15:55+05:00,https://arynews.tv/nawaz-sharif-calls-for-public-relief-amid-petrol-price-increase,neutral,0.844
JI chief blasts Govt over further hike in petroleum prices,ARY News,2026-05-09T14:14:05+05:00,https://arynews.tv/ji-chief-blasts-govt-over-further-hike-in-petroleum-prices,negative,0.646
‘Devil Wears Prada 2’ salaries revealed as Meryl Streep pushes equal pay deal for co-stars,ARY News,2026-05-09T13:55:27+05:00,https://arynews.tv/devil-wears-prada-2-salaries-revealed-as-meryl-streep-pushes-equal-pay-deal-for-co-stars,neutral,0.807
China launches first ternary mixed gas shield tunneling system,ARY News,2026-05-09T13:51:10+05:00,https://arynews.tv/china-launches-first-ternary-mixed-gas-shield-tunneling-system,neutral,0.867
China wood flexoelectricity breakthrough enables self powered sensors,ARY News,2026-05-09T13:39:29+05:00,https://arynews.tv/china-wood-flexoelectricity-breakthrough-enables-self-powered-sensors,neutral,0.605
Grey’s Anatomy S22: Kevin McKidd reflects on late Eric Dane,ARY News,2026-05-09T13:37:59+05:00,https://arynews.tv/greys-anatomy-s22-kevin-mckidd-reflects-on-late-eric-dane,neutral,0.941
"Gold prices decrease in Pakistan – May 9, 2026",ARY News,2026-05-09T13:26:09+05:00,https://arynews.tv/gold-prices-decrease-in-pakistan-may-9-2026,neutral,0.854
"Kate Middleton, Prince William step in for King Charles during key event",ARY News,2026-05-09T13:20:02+05:00,https://arynews.tv/kate-middleton-prince-william-step-in-for-king-charles-during-key-event-in-buckingham-palace,neutral,0.871
Ajay Devgn’s satirical take on Akshay Kumar’s ‘Golmaal 5’ entry,ARY News,2026-05-09T12:57:54+05:00,https://arynews.tv/ajay-devgns-satirical-take-on-akshay-kumars-golmaal-5-entry,neutral,0.892
"Sydney Sweeney, Scooter Braun look smitten during Queensland getaway",ARY News,2026-05-09T12:54:43+05:00,https://arynews.tv/sydney-sweeney-scooter-braun-look-smitten-during-queensland-getaway,positive,0.627
WHO says six hantavirus cases confirmed so far,ARY News,2026-05-09T12:50:26+05:00,https://arynews.tv/who-six-hantavirus-cases-confirmed,neutral,0.768
Prime Video Clips feature brings short form video discovery to app,ARY News,2026-05-09T12:46:39+05:00,https://arynews.tv/prime-video-clips-feature-brings-short-form-video-discovery-to-app,neutral,0.639
Suspected oil slick off Iran’s Kharg Island,ARY News,2026-05-09T12:23:28+05:00,https://arynews.tv/suspected-oil-slick-off-irans-kharg-island,neutral,0.641
"Gwyneth Paltrow, Chris Martin reunite for daughter Apple Martin’s graduation",ARY News,2026-05-09T12:17:39+05:00,https://arynews.tv/gwyneth-paltrow-chris-martin-reunite-for-daughter-apple-martins-graduation,neutral,0.672
Jon B. shares memories of collaboration with Michael Jackson,ARY News,2026-05-09T12:07:14+05:00,https://arynews.tv/jon-b-shares-memories-of-collaboration-with-michael-jackson,neutral,0.786
"Extreme hot weather spell continues in country, sizzles Balochistan and Sindh",ARY News,2026-05-09T12:05:38+05:00,https://arynews.tv/extreme-hot-weather-continues-country-sizzles-balochistan-sindh,negative,0.716
"Father, travelling to daughter’s funeral, shot dead in Karachi robbery",ARY News,2026-05-09T12:03:56+05:00,https://arynews.tv/father-travelling-to-daughter-funeral-shot-dead-in-karachi-robbery,negative,0.589
"Pedro Pascal, Vanessa Kirby’s ‘Fantastic Four’ video sparks debate",ARY News,2026-05-09T11:58:25+05:00,https://arynews.tv/pedro-pascal-vanessa-kirbys-fantastic-four-video-sparks-debate,neutral,0.856
‘How I Met Your Mother’ actor faces life sentence after brutal attack on ex,ARY News,2026-05-09T11:48:48+05:00,https://arynews.tv/how-i-met-your-mother-actor-faces-life-sentence-after-brutal-attack-on-ex,negative,0.681
Cloudflare’s slowing growth disappoints investors betting on AI boost,ARY News,2026-05-09T11:39:40+05:00,https://arynews.tv/cloudflares-slowing-growth-disappoints-investors-betting-on-ai-boost,negative,0.672
Harry Styles wins over Zoë Kravitz’ father Lenny with steamy new music video,ARY News,2026-05-09T11:25:41+05:00,https://arynews.tv/harry-styles-wins-over-zoe-kravitz-father-lenny-with-steamy-new-music-video,positive,0.532
Karachi: Cash and valuables looted in farmhouse attack,ARY News,2026-05-09T11:25:39+05:00,https://arynews.tv/karachi-cash-valuables-looted-farmhouse-attack,negative,0.722
Gullan Bharo Karo-Kari case: Investigation handed over to A-Section police,ARY News,2026-05-09T11:10:25+05:00,https://arynews.tv/gullan-bharo-karo-kari-case-in-sindh,neutral,0.873
‘The Me That Remains’: Amy Grant releases her first studio album after hiatus,ARY News,2026-05-09T10:58:40+05:00,https://arynews.tv/the-me-that-remains-amy-grant-releases-her-first-studio-album-after-hiatus,neutral,0.729
Kim Kardashian makes generous gesture for prison moms on Mother’s Day,ARY News,2026-05-09T10:40:21+05:00,https://arynews.tv/kim-kardashian-makes-generous-gesture-for-prison-moms-on-mothers-day,positive,0.855
‘Psychedelic Furs Tour’ 2026 cancelled: Here are the details,ARY News,2026-05-09T10:39:23+05:00,https://arynews.tv/psychedelic-furs-tour-2026-cancelled-here-are-the-details,negative,0.708
Starmer vows to fight on after Labour punished in polls across Britain,ARY News,2026-05-09T10:34:33+05:00,https://arynews.tv/starmer-vows-to-fight-on-after-labour-punished-in-polls-across-britain,neutral,0.772
Trapped seafarers traumatised by Gulf fighting: charities,ARY News,2026-05-09T10:22:43+05:00,https://arynews.tv/trapped-seafarers-traumatised-by-gulf-fighting-charities,negative,0.734
Pakistan hikes jet fuel prices by Rs53.11 per litre,ARY News,2026-05-09T10:20:14+05:00,https://arynews.tv/pakistan-jet-fuel-prices-9-may-2026,negative,0.624
Parent company of Trump’s Truth Social reports $400 mn loss,ARY News,2026-05-09T10:05:27+05:00,https://arynews.tv/parent-company-trumps-truth-social-reports-400-mn-loss,negative,0.681
Conner Smith reflects on fatal accident from 2025,ARY News,2026-05-09T09:57:17+05:00,https://arynews.tv/conner-smith-reflects-on-fatal-accident-from-2025,negative,0.641
China trade beats forecasts in April despite Iran war,ARY News,2026-05-09T09:21:44+05:00,https://arynews.tv/china-trade-beats-forecasts-in-april-despite-iran-war,positive,0.683
Ushna Shah delights fans with pregnancy announcement,ARY News,2026-05-09T09:14:29+05:00,https://arynews.tv/ushna-shah-delights-fans-with-pregnancy-announcement,positive,0.866
Hafiz Naeem calls petrol price hike “oppression on the public”,ARY News,2026-05-09T09:04:53+05:00,https://arynews.tv/petrol-price-hike-is-oppression-on-the-public-hafiz-naeem,negative,0.641
Unilever investors seek ESG reassurances in McCormick food deal,ARY News,2026-05-09T04:07:19+05:00,https://arynews.tv/unilever-investors-seek-esg-reassurances-in-mccormick-food-deal,neutral,0.872
Tanishq bets on resilient gold demand to drive growth,ARY News,2026-05-09T03:13:30+05:00,https://arynews.tv/tanishq-bets-on-resilient-gold-demand-to-drive-growth,neutral,0.518
Hybrid-car sales rise along with gas prices,ARY News,2026-05-09T02:02:00+05:00,https://arynews.tv/hybrid-car-sales-rise-along-with-gas-prices,neutral,0.82
Natalie Portman shares rare peek into Parisian life as she awaits baby no. 3,ARY News,2026-05-09T01:11:18+05:00,https://arynews.tv/natalie-portman-shares-rare-peek-into-parisian-life-as-she-awaits-baby-no-3,neutral,0.778
Jerry Seinfeld reveals true feelings about ‘Friends’: ‘Unbelievable’,ARY News,2026-05-09T01:00:24+05:00,https://arynews.tv/jerry-seinfeld-reveals-true-feelings-about-friends-unbelievable,positive,0.627
Trump announces three-day ceasefire between Ukraine and Russia,ARY News,2026-05-09T00:49:38+05:00,https://arynews.tv/trump-announces-three-day-ceasefire-between-ukraine-and-russia,neutral,0.681
"S&P 500 and Nasdaq hit records, boosted by AI and earnings optimism",ARY News,2026-05-09T00:24:20+05:00,https://arynews.tv/sp-500-and-nasdaq-hit-records-boosted-by-ai-and-earnings-optimism,positive,0.938
Is Latto leaving music? Rapper calls BIG MAMA her ‘retirement album’,ARY News,2026-05-09T00:21:22+05:00,https://arynews.tv/latto-big-mama-is-her-last-album,neutral,0.803
"Petrol price in Pakistan— May 09, 2026",ARY News,2026-05-09T00:06:41+05:00,https://arynews.tv/petrol-price-in-pakistan-may-09-2026,neutral,0.93
Dua Lipa makes shocking appearance on stage ahead of wedding,ARY News,2026-05-08T23:48:47+05:00,https://arynews.tv/dua-lipa-makes-shocking-appearance-on-stage-ahead-of-wedding,neutral,0.541
Karachi traffic police issue e-challans after photographing parked motorcycles,ARY News,2026-05-08T23:40:03+05:00,https://arynews.tv/e-challans-karachi-traffic-police-fines-parked-motorcycle,neutral,0.616
Why Kim Kardashian’s pal refuses to attend her possible fourth wedding to Lewis Hamilton?,ARY News,2026-05-08T23:38:17+05:00,https://arynews.tv/why-kim-kardashians-pal-refuses-to-attend-her-possible-fourth-wedding-to-lewis-hamilton,neutral,0.694
Russian satellites perform ‘sophisticated’ maneuver: Pass within 10 feet of each other,ARY News,2026-05-08T23:22:38+05:00,https://arynews.tv/russian-satellites-perform-sophisticated-maneuver-pass-within-10-feet-of-each-other,neutral,0.864
GTA 6 leak points toward a surprising platform twist,ARY News,2026-05-08T23:16:02+05:00,https://arynews.tv/gta-6-leak-rockstar-games-has-a-surprise-in-store,neutral,0.713
"Schools reach out to Canvas hackers as breach hits US classrooms, source says",ARY News,2026-05-08T23:04:51+05:00,https://arynews.tv/schools-reach-out-to-canvas-hackers-as-breach-hits-us-classrooms-source-says,neutral,0.597
Eiza González stuns with bodybuilding transformation in Cannes-bound film Iron Jane,ARY News,2026-05-08T22:42:27+05:00,https://arynews.tv/eiza-gonzalez-transformation-for-iron-jane-role,positive,0.834
Dead in 1977 Returns to Add 21 People to His Kuwaiti Citizenship File,ARY News,2026-05-08T22:15:58+05:00,https://arynews.tv/dead-in-1977-returns-to-add-21-people-to-his-kuwaiti-citizenship-file,neutral,0.627
IMF approves $1.2 billion tranche for Pakistan,ARY News,2026-05-08T21:42:42+05:00,https://arynews.tv/imf-approves-1-2-billion-tranche-for-pakistan,neutral,0.621
Instagram removes optional end-to-end encryption feature: Here’s what users should do now?,ARY News,2026-05-08T21:22:52+05:00,https://arynews.tv/instagram-removes-optional-end-to-end-encryption-feature-heres-what-users-should-do-now,negative,0.635
"UAE Dirham Rate Today in Pakistan- May 8, 2026",ARY News,2026-05-08T21:03:14+05:00,https://arynews.tv/uae-dirham-rate-today-in-pakistan-may-8-2026,neutral,0.951
"Saudi Riyal to Pakistani Rupee Rate Today – May 8, 2026",ARY News,2026-05-08T20:55:27+05:00,https://arynews.tv/saudi-riyal-to-pakistani-rupee-rate-today-may-8-2026,neutral,0.948
"Rawalpindi horror: Two youths killed over Rs1,300 dispute",ARY News,2026-05-08T19:41:53+05:00,https://arynews.tv/rawalpindi-crime-story-may-08-2026,negative,0.841
Ryanair to shut base due to high fees,ARY News,2026-05-08T19:06:39+05:00,https://arynews.tv/ryanair-to-shut-base-due-to-high-fees,negative,0.714
Pentagon unveils historic collection of UFO files online,ARY News,2026-05-08T18:58:31+05:00,https://arynews.tv/ufo-files-us-made-historic-release,neutral,0.768
"Australia announces counter-terrorism sanctions against BLA, leaders",ARY News,2026-05-08T18:57:09+05:00,https://arynews.tv/australia-announces-counter-terrorism-sanctions-against-bla-leaders,neutral,0.517
"Karachi crime video shows robbers snatching cash-filled helmet, silver bag",ARY News,2026-05-08T18:45:19+05:00,https://arynews.tv/karachi-shocking-robbery-caught-on-video,negative,0.61
UK’s Princess Kate to visit pioneering Italian schools funded by WW2 scrap metal,ARY News,2026-05-08T18:25:57+05:00,https://arynews.tv/uks-princess-kate-to-visit-pioneering-italian-schools-funded-by-ww2-scrap-metal,neutral,0.819
"Dollar and Other Currency Rates in Pakistan Today – May 8, 2026",ARY News,2026-05-08T18:20:55+05:00,https://arynews.tv/dollar-currency-rates-in-pakistan-today-may-8-2026,neutral,0.955
Interior Ministry rubbishes rumours of Pakistanis’ expulsion from UAE,ARY News,2026-05-08T18:19:25+05:00,https://arynews.tv/uae-deportation-claims-what-you-need-to-know,neutral,0.679
Meloni meets Rubio as Iran war strains Italy-US ties,ARY News,2026-05-08T18:08:23+05:00,https://arynews.tv/meloni-meets-rubio-as-iran-war-strains-italy-us-ties,neutral,0.837
Shaheen Afridi achieves major milestone,ARY News,2026-05-08T17:56:01+05:00,https://arynews.tv/shaheen-afridi-achieves-major-milestone,positive,0.891
Bangladesh dominate opening day of first Pakistan Test,ARY News,2026-05-08T17:53:44+05:00,https://arynews.tv/bangladesh-dominate-opening-day-of-first-pakistan-test,neutral,0.651
Arsenal sense Premier League glory as Spurs eye safety,ARY News,2026-05-08T17:50:35+05:00,https://arynews.tv/arsenal-sense-premier-league-glory-as-spurs-eye-safety,neutral,0.519
Wobbling Wolfsburg face uphill battle against Bayern,ARY News,2026-05-08T17:49:00+05:00,https://arynews.tv/wobbling-wolfsburg-face-uphill-battle-against-bayern,neutral,0.834
History-chasing Barca eye title party in Liga Clasico,ARY News,2026-05-08T17:45:43+05:00,https://arynews.tv/history-chasing-barca-eye-title-party-in-liga-clasico,neutral,0.612
"Man City must put pressure on Arsenal, says Guardiola",ARY News,2026-05-08T17:35:47+05:00,https://arynews.tv/man-city-must-put-pressure-on-arsenal-says-guardiola,neutral,0.894
Cash-strapped Zamalek eye record CAF Cup winners prize,ARY News,2026-05-08T17:32:40+05:00,https://arynews.tv/cash-strapped-zamalek-eye-record-caf-cup-winners-prize,neutral,0.785
Davies’ World Cup preparations hit by fresh injury,ARY News,2026-05-08T17:25:43+05:00,https://arynews.tv/davies-world-cup-preparations-hit-by-fresh-injury,negative,0.496
Swiatek battles into Italian Open third round,ARY News,2026-05-08T17:22:57+05:00,https://arynews.tv/swiatek-battles-into-italian-open-third-round,neutral,0.929
South Koreans gear up to roar on football team from rival North,ARY News,2026-05-08T17:15:05+05:00,https://arynews.tv/south-koreans-gear-up-to-roar-on-football-team-from-rival-north,neutral,0.742
"6 civilians martyred, 13 injured as forces repel major attack in Hangu",ARY News,2026-05-08T17:03:41+05:00,https://arynews.tv/6-civilians-martyred-as-forces-repel-major-attack-in-hangu,negative,0.783
‘They looked like me’: Why Arsenal became Africa’s club,ARY News,2026-05-08T16:58:26+05:00,https://arynews.tv/they-looked-like-me-why-arsenal-became-africas-club,neutral,0.785
"Iranian Rial Rate Today in Pakistan- May 8, 2026",ARY News,2026-05-08T16:55:59+05:00,https://arynews.tv/iranian-rial-rate-today-in-pakistan-may-8-2026,neutral,0.945
"Gold prices drop in Pakistan – May 8, 2026",ARY News,2026-05-08T16:32:25+05:00,https://arynews.tv/gold-prices-drop-in-pakistan-may-8-2026,neutral,0.796
Viral: Murtaza Wahab rides e-bike without helmet and license,ARY News,2026-05-08T16:30:25+05:00,https://arynews.tv/viral-murtaza-wahab-rides-e-bike-without-helmet-or-license,neutral,0.845
Iran says redirects US-sanctioned oil tanker to its shores,ARY News,2026-05-08T16:27:00+05:00,https://arynews.tv/iran-says-redirects-us-sanctioned-oil-tanker-to-its-shores,neutral,0.567
"Princess Eugenie, Beatrice join Taylor Swift for Poppy Delevingne’s birthday bash",ARY News,2026-05-08T16:24:51+05:00,https://arynews.tv/princess-eugenie-beatrice-join-taylor-swift-for-poppy-delevingnes-birthday-bash,neutral,0.717
Google Gemini Agent upgrade to act as 24/7 assistant,ARY News,2026-05-08T16:16:56+05:00,https://arynews.tv/google-gemini-agent-upgrade-to-act-as-24-7-assistant,neutral,0.747
"HEC announces dual, joint degree programmes – Check details",ARY News,2026-05-08T15:59:38+05:00,https://arynews.tv/hec-announces-dual-joint-degree-programmes,neutral,0.835
"Karachi court rejects bail plea of accused in blackmail, explicit video case",ARY News,2026-05-08T15:35:46+05:00,https://arynews.tv/karachi-court-rejects-bail-plea-in-blackmail-explicit-video-case,negative,0.642
"Civilians lynched in Mali witch hunt after militants, rebel attacks",ARY News,2026-05-08T15:27:23+05:00,https://arynews.tv/civilians-lynched-in-mali-witch-hunt-after-militants-rebel-attacks,negative,0.8
Vidya Balan reflects on Late Irrfan Khan in emotional note,ARY News,2026-05-08T15:23:11+05:00,https://arynews.tv/vidya-balan-reflects-on-late-irrfan-khan-in-emotional-note,neutral,0.901
Hantavirus outbreak risk to public ‘absolutely low’: WHO,ARY News,2026-05-08T15:19:08+05:00,https://arynews.tv/hantavirus-outbreak-risk-to-public-absolutely-low-who,neutral,0.849
Petrol prices in Pakistan likely to decrease amid global oil price decline,ARY News,2026-05-08T15:11:09+05:00,https://arynews.tv/petrol-prices-in-pakistan-likely-to-decrease,neutral,0.74
Princess Eugenie seen shopping for baby days after announcing third pregnancy,ARY News,2026-05-08T15:08:49+05:00,https://arynews.tv/princess-eugenie-seen-shopping-for-baby-days-after-announcing-third-pregnancy,neutral,0.846
Nancy Guthrie: Investigators reveal spine chilling details,ARY News,2026-05-08T15:07:27+05:00,https://arynews.tv/nancy-guthrie-investigators-reveal-nerve-chilling-details,negative,0.544
E-Bikes: Are They Really Cost-Effective Amid Petrol Price Hikes in Pakistan?,ARY News,2026-05-08T15:03:02+05:00,https://arynews.tv/e-bikes-cost-effective-petrol-price-hikes-in-pakistan,neutral,0.831
Karachi mayor orders beautification zones along major roads in the city,ARY News,2026-05-08T15:01:28+05:00,https://arynews.tv/karachi-mayor-orders-beautification-zones-along-major-roads,neutral,0.729
"Charli XCX drops new single ‘Rock Music’, Moody video",ARY News,2026-05-08T14:45:27+05:00,https://arynews.tv/charli-xcx-drops-new-single-rock-music-moody-video,neutral,0.799
Section 7E tax on property declared unconstitutional by court,ARY News,2026-05-08T14:31:59+05:00,https://arynews.tv/section-7e-tax-on-property-declared-unconstitutional-by-court,negative,0.622
Justin Baldoni’s lawyer reveals the ‘real reason’ behind the deal,ARY News,2026-05-08T14:00:17+05:00,https://arynews.tv/justin-baldonis-lawyer-reveals-the-real-reason-behind-the-deal,neutral,0.906
"Pushpa 2 stampede: Allu Arjun’s father, wife assure support to victim during visit",ARY News,2026-05-08T13:59:31+05:00,https://arynews.tv/pushpa-2-stampede-allu-arjuns-father-wife-assure-support-to-victim-during-visit,neutral,0.883
Petrol price update: Aurangzeb says decision to be announced by petroleum ministry,ARY News,2026-05-08T13:55:31+05:00,https://arynews.tv/petrol-price-decision-to-be-announced-by-petroleum-ministry,neutral,0.916
Shakira unveils her 2026 Fifa World Cup anthem,ARY News,2026-05-08T13:35:04+05:00,https://arynews.tv/shakira-unveils-her-2026-fifa-world-cup-anthem,neutral,0.798
Ariana Grande gives fans new glimpse into her upcoming album ‘Petal’,ARY News,2026-05-08T13:19:16+05:00,https://arynews.tv/ariana-grande-gives-fans-new-glimpse-into-her-upcoming-album-petal,neutral,0.674
"Pakistan Hajj mission returns lost 4,308 Riyals to pilgrim in Makkah",ARY News,2026-05-08T13:02:45+05:00,https://arynews.tv/pakistan-hajj-mission-returns-lost-4308-riyals-to-pilgrim-in-makkah,negative,0.607
Samsung One UI 8.5 rollout begins for older Galaxy phones and tablets,ARY News,2026-05-08T12:49:21+05:00,https://arynews.tv/samsung-one-ui-8-5-rollout-begins-for-older-galaxy-phones-and-tablets,neutral,0.666
Stanley Tucci reveals his mother’s hilarious career concerns,ARY News,2026-05-08T12:32:22+05:00,https://arynews.tv/stanley-tucci-reveals-his-mothers-hilarious-career-concerns,neutral,0.827
Pakistan likely to receive $1.2 billion IMF tranche as board meets today,ARY News,2026-05-08T12:25:35+05:00,https://arynews.tv/pakistan-likely-to-receive-1-2bln-imf-tranche-as-board-meets-today,neutral,0.666
"Taylor Swift, Travis Kelce give Sadie Sink standing ovation at her London Play",ARY News,2026-05-08T12:15:08+05:00,https://arynews.tv/taylor-swift-travis-kelce-give-sadie-sink-standing-ovation-at-her-london-play,neutral,0.851
Bonnie Tyler in induced coma following emergency surgery in Portugal,ARY News,2026-05-08T12:11:45+05:00,https://arynews.tv/bonnie-tyler-in-induced-coma-following-emergency-surgery-in-portugal,neutral,0.767
Disney super app could merge Disney+ with theme park apps,ARY News,2026-05-08T12:11:43+05:00,https://arynews.tv/disney-super-app-could-merge-disney-with-theme-park-apps,neutral,0.642
"Dar seeks Singapore’s help for return of Pakistanis, Iranians aboard vessels seized by US",ARY News,2026-05-08T12:08:43+05:00,https://arynews.tv/pakistan-seeks-singapore-help-for-return-of-pakistanis-iranians,neutral,0.897
Trump threatens more Iran strikes if deal not signed ‘fast!’,ARY News,2026-05-08T11:45:46+05:00,https://arynews.tv/trump-threatens-more-iran-strikes-if-deal-not-signed-fast,negative,0.777
Donald Trump again appreciates Pakistan’s top leadership,ARY News,2026-05-08T11:45:17+05:00,https://arynews.tv/donald-trump-again-appreciates-pakistans-top-leadership-video,positive,0.946
OpenAI launches GPT-Realtime-2 with live translation and transcription features,ARY News,2026-05-08T11:38:46+05:00,https://arynews.tv/openai-launches-gpt-realtime-2-with-live-translation-and-transcription-features,neutral,0.785
Kris Jenner reveals why she stopped using Ozempic,ARY News,2026-05-08T11:32:51+05:00,https://arynews.tv/kris-jenner-reveals-why-she-stopped-using-ozempic,neutral,0.797
Zoë Kravitz slams Hulu for using Harry Styles to promote canceled show,ARY News,2026-05-08T11:22:25+05:00,https://arynews.tv/zoe-kravitz-slams-hulu-for-using-harry-styles-to-promote-canceled-show,negative,0.622
"Kuwait targets congestion with new public transport, mobility plans",ARY News,2026-05-08T11:14:51+05:00,https://arynews.tv/kuwait-pushes-ahead-with-plans-to-modernise-transport-network,neutral,0.719
Kuwait Municipality cuts electricity to 5 expat bachelor properties,ARY News,2026-05-08T11:14:11+05:00,https://arynews.tv/kuwait-municipality-cuts-electricity-to-5-expat-bachelor-properties,negative,0.583
‘Stranger Things’ star reveals secret behind his 8-year romance with girlfriend,ARY News,2026-05-08T10:55:28+05:00,https://arynews.tv/stranger-things-star-reveals-secret-behind-his-8-year-romance-with-girlfriend,neutral,0.919
Ariana Grande shares new details on new album ‘petal’,ARY News,2026-05-08T10:44:52+05:00,https://arynews.tv/ariana-grande-shares-new-details-on-new-album-petal,neutral,0.871
20 hikers missing after volcano erupts in east Indonesia: rescue official,ARY News,2026-05-08T10:44:00+05:00,https://arynews.tv/20-hikers-missing-after-volcano-erupts-in-east-indonesia-rescue-official,neutral,0.563
IS-linked Australian women charged with keeping slave in Syria,ARY News,2026-05-08T10:38:48+05:00,https://arynews.tv/is-linked-australian-women-charged-with-keeping-slave-in-syria,negative,0.762
WHO warns of more hantavirus cases in ‘limited’ outbreak,ARY News,2026-05-08T10:35:35+05:00,https://arynews.tv/who-warns-of-more-hantavirus-cases-in-limited-outbreak,negative,0.643
Billie Eilish reveals how James Cameron pitched her 3D concert movie idea,ARY News,2026-05-08T10:35:10+05:00,https://arynews.tv/billie-eilish-reveals-how-james-cameron-pitched-her-3d-concert-movie-idea,neutral,0.91
Saudi Ports Authority extends storage fee exemption for transit cargo,ARY News,2026-05-08T10:34:58+05:00,https://arynews.tv/saudi-arabia-extends-storage-fee-exemption-for-transit-cargo,neutral,0.862
"CPJ demands progress on US probe of journalist Abu Akleh killing, four years on",ARY News,2026-05-08T10:25:12+05:00,https://arynews.tv/cpj-demands-progress-on-us-probe-of-journalist-abu-akleh-killing,neutral,0.673
UK’s Labour Party suffers heavy early losses as Reform gains in elections,ARY News,2026-05-08T10:20:24+05:00,https://arynews.tv/labour-party-suffers-heavy-early-losses-as-reform-gains-in-elections,negative,0.699
Prince Harry hails David Attenborough in heartfelt 100th birthday essay,ARY News,2026-05-08T10:20:17+05:00,https://arynews.tv/prince-harry-hails-david-attenborough-in-heartfelt-100th-birthday-essay,positive,0.66
U.S Congress commends Pakistan for mediating US-Iran peace,ARY News,2026-05-08T10:19:20+05:00,https://arynews.tv/us-congress-commends-pakistan-for-mediating-us-iran-peace,positive,0.612
Brendan Fraser teases major physical transformation for ‘The Mummy 4’,ARY News,2026-05-08T10:11:44+05:00,https://arynews.tv/brendan-fraser-teases-major-physical-transformation-for-the-mummy-4,neutral,0.763
"VIDEO: Armed robbers hold family hostage, loot cash and gold in Karachi",ARY News,2026-05-08T10:07:53+05:00,https://arynews.tv/video-robbers-hold-family-hostage-loot-cash-gold-in-karachi,negative,0.721
"Taylor Swift, Travis Kelce light up London with glamorous dinner date",ARY News,2026-05-08T10:02:08+05:00,https://arynews.tv/taylor-swift-travis-kelce-light-up-london-with-glamorous-dinner-date,positive,0.67
Gold on track for weekly gain,ARY News,2026-05-08T09:31:25+05:00,https://arynews.tv/gold-on-track-for-weekly-gain-8-may-2026,positive,0.674
US to revoke passports for thousands of parents who owe child support,ARY News,2026-05-08T09:13:39+05:00,https://arynews.tv/us-to-revoke-passports-of-parents-who-owe-child-support,negative,0.675
"US and Iran exchange fire, but Trump says ceasefire still in effect",ARY News,2026-05-08T08:30:10+05:00,https://arynews.tv/us-and-iran-exchange-fire-but-trump-says-ceasefire-still-in-effect,neutral,0.914
Iran destroyed 16 US military bases in Middle East: US media reports,ARY News,2026-05-08T08:10:46+05:00,https://arynews.tv/iran-destroyed-16-us-military-bases-in-middle-east-reports,negative,0.68
Send Help: Rachel McAdams Movie Review 2026,ARY News,2026-05-08T06:30:46+05:00,https://arynews.tv/send-help-rachel-mcadams-movie-review-2025,neutral,0.864
Verizon cutting a few hundred jobs nationwide,ARY News,2026-05-08T04:30:56+05:00,https://arynews.tv/verizon-cutting-a-few-hundred-jobs-nationwide,negative,0.722
Blue Owl will reduce private credit exposure to software,ARY News,2026-05-08T03:30:44+05:00,https://arynews.tv/blue-owl-will-reduce-private-credit-exposure-to-software,neutral,0.79
OpenAI unveils three audio models for real-time voice tasks,ARY News,2026-05-08T02:30:52+05:00,https://arynews.tv/openai-unveils-three-audio-models-for-real-time-voice-tasks,neutral,0.665
‘The Bear’ not renewed beyond season 5,ARY News,2026-05-08T01:23:45+05:00,https://arynews.tv/the-bear-not-renewed-beyond-season-5,neutral,0.631
Blake Lively Scores “Resounding Victory” in Settlement with Justin Baldoni,ARY News,2026-05-08T01:20:12+05:00,https://arynews.tv/blake-lively-scores-resounding-victory-in-settlement-with-justin-baldoni,neutral,0.583
S&P 500 dips as chip stocks give up gains,ARY News,2026-05-08T00:46:10+05:00,https://arynews.tv/sp-500-dips-as-chip-stocks-give-up-gains,neutral,0.634
Celina Jaitly posts about ‘only son she can meet’,ARY News,2026-05-08T00:42:45+05:00,https://arynews.tv/celina-jaitly-posts-about-only-son-she-can-meet,neutral,0.882
"Trump administration is inviting CEOs from Nvidia, Apple on Trump’s China trip, report says",ARY News,2026-05-08T00:27:52+05:00,https://arynews.tv/nvidia-and-other-ceos-join-trump-in-china,neutral,0.872
"Who is Vivek Ramaswamy, 2026 Republican nominee for Ohio governor?",ARY News,2026-05-08T00:19:09+05:00,https://arynews.tv/ramaswamys-rise-in-ohio-politics-this-year,neutral,0.958
TV Legend Bradley Walsh Out of the Running for Strictly Come Dancing Host,ARY News,2026-05-08T00:16:56+05:00,https://arynews.tv/tv-legend-bradley-walsh-out-of-the-running-for-strictly-come-dancing-host,neutral,0.89
"Amazon to carry Ozempic at US kiosks, offer same-day delivery",ARY News,2026-05-08T00:09:53+05:00,https://arynews.tv/amazon-to-carry-ozempic-at-us-kiosks-offer-same-day-delivery,neutral,0.689
15-year-old girl found buried inside home in Sanghar,ARY News,2026-05-08T00:09:25+05:00,https://arynews.tv/sanghar-15-year-old-girl-case-may-08-2026,negative,0.556
US labor market stable as layoffs remain low,ARY News,2026-05-08T00:09:07+05:00,https://arynews.tv/labor-market-stability-amid-rising-job-claims,neutral,0.592
India’s Royal Enfield to invest over $232 million in new manufacturing plant,ARY News,2026-05-07T23:59:28+05:00,https://arynews.tv/royal-enfield-to-invest-over-232-million-in-new-manufacturing-plant,neutral,0.725
Watermelon death case solved,ARY News,2026-05-07T23:52:08+05:00,https://arynews.tv/watermelon-case-solved,neutral,0.656
Uzma Tahir shares honest views about Danish Taimoor,ARY News,2026-05-07T23:47:48+05:00,https://arynews.tv/uzma-tahir-shares-honest-views-about-danish-taimoor,neutral,0.875
Elden Ring continues huge 2026 run with new official release,ARY News,2026-05-07T23:32:45+05:00,https://arynews.tv/elden-ring-whats-coming-in-2026-for-fans,positive,0.759
Babar Azam to miss opening Test against Bangladesh,ARY News,2026-05-07T22:40:35+05:00,https://arynews.tv/babar-azam-to-miss-opening-test-against-bangladesh,neutral,0.562
TOWIE Star Jake Hall Passes Away at 35 After Freak Accident in Spain,ARY News,2026-05-07T22:14:01+05:00,https://arynews.tv/towie-star-jake-hall-passes-away-at-35-after-freak-accident-in-spain,neutral,0.623
Online marriage certificate service launched in Punjab,ARY News,2026-05-07T22:13:26+05:00,https://arynews.tv/online-marriage-certificate-service-launched-in-punjab,neutral,0.806
Harry Potter set beefs up security after multiple incidents,ARY News,2026-05-07T21:58:13+05:00,https://arynews.tv/harry-potter-set-security-measures-intensified-amid-theft,neutral,0.607
Mystics first-rounder Cotie McMahon injures elbow,ARY News,2026-05-07T21:27:30+05:00,https://arynews.tv/mystics-first-rounder-cotie-mcmahon-injures-elbow,neutral,0.874
Field Marshal Asim Munir to lead Marka-e-Haq anniversary ceremony at GHQ today,BOL News,"Sat, 09 May 2026 19:33:26 +0000",https://www.bolnews.com/pakistan/field-marshal-asim-munir-to-lead-marka-e-haq-anniversary-ceremony-at-ghq-today/,neutral,0.89
Dust and thunderstorms with rain forecast for different parts of Pakistan,BOL News,"Sat, 09 May 2026 18:59:03 +0000",https://www.bolnews.com/pakistan/dust-and-thunderstorms-with-rain-forecast-for-different-parts-of-pakistan/,neutral,0.816
"Good news for students: HEC approves double, joint degree system",BOL News,"Sat, 09 May 2026 17:12:30 +0000",https://www.bolnews.com/pakistan/good-news-for-students-hec-approves-double-joint-degree-system/,positive,0.945
Armed forces vow continued vigilance against all kinds of threats,BOL News,"Sat, 09 May 2026 16:30:16 +0000",https://www.bolnews.com/pakistan/armed-forces-vow-continued-vigilance-against-all-kinds-of-threats/,neutral,0.821
Shaheen Afridi becomes first Pakistani bowler to take 100 WTC wickets,BOL News,"Sat, 09 May 2026 16:25:07 +0000",https://www.bolnews.com/sports/shaheen-afridi-becomes-first-pakistani-bowler-to-take-100-wtc-wickets/,neutral,0.704
Marka-e-Haq marks a historic chapter in Pakistan’s defence narrative: PM,BOL News,"Sat, 09 May 2026 16:05:55 +0000",https://www.bolnews.com/pakistan/marka-e-haq-marks-a-historic-chapter-in-pakistans-defence-narrative-pm/,neutral,0.597
OpenAI introduces three audio models for real-time voice tasks,BOL News,"Sat, 09 May 2026 15:44:00 +0000",https://www.bolnews.com/technology/openai-introduces-three-audio-models-for-real-time-voice-tasks/,neutral,0.723
"Pakistan becomes symbol of peace, stability in region, says President",BOL News,"Sat, 09 May 2026 15:39:31 +0000",https://www.bolnews.com/pakistan/pakistan-becomes-symbol-of-peace-stability-in-region-says-president/,positive,0.646
5 simple skincare tips to protect your skin this summer,BOL News,"Sat, 09 May 2026 15:11:33 +0000",https://www.bolnews.com/lifestyle/5-simple-skincare-tips-to-protect-your-skin-this-summer/,positive,0.661
PM Shehbaz Sharif to visit China from May 23 to 25,BOL News,"Sat, 09 May 2026 15:00:47 +0000",https://www.bolnews.com/pakistan/pm-shehbaz-sharif-to-visit-china-from-may-23-to-25/,neutral,0.924
Five refreshing summer drinks you must try this season,BOL News,"Sat, 09 May 2026 14:42:36 +0000",https://www.bolnews.com/lifestyle/five-refreshing-summer-drinks-you-must-try-this-season/,positive,0.945
Punjab to announce summer break in coming days,BOL News,"Sat, 09 May 2026 14:38:44 +0000",https://www.bolnews.com/pakistan/punjab-to-announce-summer-break-in-coming-days/,neutral,0.875
Mexico to shorten school year ahead of FIFA World Cup,BOL News,"Sat, 09 May 2026 14:16:23 +0000",https://www.bolnews.com/latest-news/mexico-to-shorten-school-year-ahead-of-fifa-world-cup/,neutral,0.766
"Pakistan Hockey, the Architecture of a Resurgent Future",BOL News,"Sat, 09 May 2026 13:33:39 +0000",https://www.bolnews.com/sports/pakistan-hockey-the-architecture-of-a-resurgent-future/,neutral,0.544
Marka-e-Haq: Traffic plan announced for Islamabad and Rawalpindi for tomorrow,BOL News,"Sat, 09 May 2026 13:26:16 +0000",https://www.bolnews.com/pakistan/marka-e-haq-traffic-plan-announced-for-islamabad-and-rawalpindi-for-tomorrow/,neutral,0.934
Pakistan build solid platform at 179-1 in Mirpur Test,BOL News,"Sat, 09 May 2026 12:54:50 +0000",https://www.bolnews.com/sports/pakistan-build-solid-platform-at-179-1-in-mirpur-test/,positive,0.583
Subnautica 2 becomes crucial test for Krafton surpassing PUBG era,BOL News,"Sat, 09 May 2026 12:40:08 +0000",https://www.bolnews.com/entertainment/subnautica-2-becomes-crucial-test-for-krafton-surpassing-pubg-era/,positive,0.498
US-Iran talks likely to resume in Islamabad next week: report,BOL News,"Sat, 09 May 2026 11:55:58 +0000",https://www.bolnews.com/world/us-iran-talks-likely-to-resume-in-islamabad-next-week-report/,neutral,0.936
